Workbook

Sheet 제품별_매출_요약
B2: 제품 | C2: 총 매출액 | D2: 월평균 매출액 | F2: 월 | G2: 제품 | H2: 판매수량 | I2: 매출액
B3: 베이직 | C3: =SUMIF(G$3:G$38, B3, I$3:I$38) | D3: =AVERAGEIF(G$3:G$38, B3, I$3:I$38) | F3: 1월 | G3: 베이직 | H3: 39 | I3: 386100
B4: 프리미엄 | C4: =SUMIF(G$3:G$38, B4, I$3:I$38) | D4: =AVERAGEIF(G$3:G$38, B4, I$3:I$38) | F4: 1월 | G4: 프리미엄 | H4: 40 | I4: 1188000
B5: 엔터프라이즈 | C5: =SUMIF(G$3:G$38, B5, I$3:I$38) | D5: =AVERAGEIF(G$3:G$38, B5, I$3:I$38) | F5: 1월 | G5: 엔터프라이즈 | H5: 32 | I5: 3168000
B6: 합계 / 평균 | C6: =SUM(C3:C5) | D6: =AVERAGE(D3:D5) | F6: 2월 | G6: 베이직 | H6: 60 | I6: 594000
F7: 2월 | G7: 프리미엄 | H7: 56 | I7: 1663200
F8: 2월 | G8: 엔터프라이즈 | H8: 50 | I8: 4950000
F9: 3월 | G9: 베이직 | H9: 15 | I9: 148500
F10: 3월 | G10: 프리미엄 | H10: 45 | I10: 1336500
F11: 3월 | G11: 엔터프라이즈 | H11: 6 | I11: 594000
F12: 4월 | G12: 베이직 | H12: 57 | I12: 564300
F13: 4월 | G13: 프리미엄 | H13: 20 | I13: 594000
F14: 4월 | G14: 엔터프라이즈 | H14: 58 | I14: 5742000
F15: 5월 | G15: 베이직 | H15: 15 | I15: 148500
F16: 5월 | G16: 프리미엄 | H16: 40 | I16: 1188000
F17: 5월 | G17: 엔터프라이즈 | H17: 36 | I17: 3564000
F18: 6월 | G18: 베이직 | H18: 53 | I18: 524700
... F38: 12월 | G38: 엔터프라이즈 | H38: 19 | I38: 1881000

Sheet 매출_교차표
B2: 월 / 제품 | C2: 베이직 | D2: 프리미엄 | E2: 엔터프라이즈 | F2: 합계
B3: 1월 | C3: =SUMIFS(제품별_매출_요약!$I$3:$I$38, 제품별_매출_요약!$F$3:$F$38, $B3, 제품별_매출_요약!$G$3:$G$38, C$2) | D3: =SUMIFS(제품별_매출_요약!$I$3:$I$38, 제품별_매출_요약!$F$3:$F$38, $B3, 제품별_매출_요약!$G$3:$G$38, C$2) | E3: =SUMIFS(제품별_매출_요약!$I$3:$I$38, 제품별_매출_요약!$F$3:$F$38, $B3, 제품별_매출_요약!$G$3:$G$38, C$2) | F3: =SUM(C3:E3)
B4: 2월 | C4: =SUMIFS(제품별_매출_요약!$I$3:$I$38, 제품별_매출_요약!$F$3:$F$38, $B4, 제품별_매출_요약!$G$3:$G$38, C$2) | D4: =SUMIFS(제품별_매출_요약!$I$3:$I$38, 제품별_매출_요약!$F$3:$F$38, $B4, 제품별_매출_요약!$G$3:$G$38, C$2) | E4: =SUMIFS(제품별_매출_요약!$I$3:$I$38, 제품별_매출_요약!$F$3:$F$38, $B4, 제품별_매출_요약!$G$3:$G$38, C$2) | F4: =SUM(C4:E4)
B5: 3월 | C5: =SUMIFS(제품별_매출_요약!$I$3:$I$38, 제품별_매출_요약!$F$3:$F$38, $B5, 제품별_매출_요약!$G$3:$G$38, C$2) | D5: =SUMIFS(제품별_매출_요약!$I$3:$I$38, 제품별_매출_요약!$F$3:$F$38, $B5, 제품별_매출_요약!$G$3:$G$38, C$2) | E5: =SUMIFS(제품별_매출_요약!$I$3:$I$38, 제품별_매출_요약!$F$3:$F$38, $B5, 제품별_매출_요약!$G$3:$G$38, C$2) | F5: =SUM(C5:E5)
B6: 4월 | C6: =SUMIFS(제품별_매출_요약!$I$3:$I$38, 제품별_매출_요약!$F$3:$F$38, $B6, 제품별_매출_요약!$G$3:$G$38, C$2) | D6: =SUMIFS(제품별_매출_요약!$I$3:$I$38, 제품별_매출_요약!$F$3:$F$38, $B6, 제품별_매출_요약!$G$3:$G$38, C$2) | E6: =SUMIFS(제품별_매출_요약!$I$3:$I$38, 제품별_매출_요약!$F$3:$F$38, $B6, 제품별_매출_요약!$G$3:$G$38, C$2) | F6: =SUM(C6:E6)
B7: 5월 | C7: =SUMIFS(제품별_매출_요약!$I$3:$I$38, 제품별_매출_요약!$F$3:$F$38, $B7, 제품별_매출_요약!$G$3:$G$38, C$2) | D7: =SUMIFS(제품별_매출_요약!$I$3:$I$38, 제품별_매출_요약!$F$3:$F$38, $B7, 제품별_매출_요약!$G$3:$G$38, C$2) | E7: =SUMIFS(제품별_매출_요약!$I$3:$I$38, 제품별_매출_요약!$F$3:$F$38, $B7, 제품별_매출_요약!$G$3:$G$38, C$2) | F7: =SUM(C7:E7)
B8: 6월 | C8: =SUMIFS(제품별_매출_요약!$I$3:$I$38, 제품별_매출_요약!$F$3:$F$38, $B8, 제품별_매출_요약!$G$3:$G$38, C$2) | D8: =SUMIFS(제품별_매출_요약!$I$3:$I$38, 제품별_매출_요약!$F$3:$F$38, $B8, 제품별_매출_요약!$G$3:$G$38, C$2) | E8: =SUMIFS(제품별_매출_요약!$I$3:$I$38, 제품별_매출_요약!$F$3:$F$38, $B8, 제품별_매출_요약!$G$3:$G$38, C$2) | F8: =SUM(C8:E8)
B9: 7월 | C9: =SUMIFS(제품별_매출_요약!$I$3:$I$38, 제품별_매출_요약!$F$3:$F$38, $B9, 제품별_매출_요약!$G$3:$G$38, C$2) | D9: =SUMIFS(제품별_매출_요약!$I$3:$I$38, 제품별_매출_요약!$F$3:$F$38, $B9, 제품별_매출_요약!$G$3:$G$38, C$2) | E9: =SUMIFS(제품별_매출_요약!$I$3:$I$38, 제품별_매출_요약!$F$3:$F$38, $B9, 제품별_매출_요약!$G$3:$G$38, C$2) | F9: =SUM(C9:E9)
B10: 8월 | C10: =SUMIFS(제품별_매출_요약!$I$3:$I$38, 제품별_매출_요약!$F$3:$F$38, $B10, 제품별_매출_요약!$G$3:$G$38, C$2) | D10: =SUMIFS(제품별_매출_요약!$I$3:$I$38, 제품별_매출_요약!$F$3:$F$38, $B10, 제품별_매출_요약!$G$3:$G$38, C$2) | E10: =SUMIFS(제품별_매출_요약!$I$3:$I$38, 제품별_매출_요약!$F$3:$F$38, $B10, 제품별_매출_요약!$G$3:$G$38, C$2) | F10: =SUM(C10:E10)
B11: 9월 | C11: =SUMIFS(제품별_매출_요약!$I$3:$I$38, 제품별_매출_요약!$F$3:$F$38, $B11, 제품별_매출_요약!$G$3:$G$38, C$2) | D11: =SUMIFS(제품별_매출_요약!$I$3:$I$38, 제품별_매출_요약!$F$3:$F$38, $B11, 제품별_매출_요약!$G$3:$G$38, C$2) | E11: =SUMIFS(제품별_매출_요약!$I$3:$I$38, 제품별_매출_요약!$F$3:$F$38, $B11, 제품별_매출_요약!$G$3:$G$38, C$2) | F11: =SUM(C11:E11)
B12: 10월 | C12: =SUMIFS(제품별_매출_요약!$I$3:$I$38, 제품별_매출_요약!$F$3:$F$38, $B12, 제품별_매출_요약!$G$3:$G$38, C$2) | D12: =SUMIFS(제품별_매출_요약!$I$3:$I$38, 제품별_매출_요약!$F$3:$F$38, $B12, 제품별_매출_요약!$G$3:$G$38, C$2) | E12: =SUMIFS(제품별_매출_요약!$I$3:$I$38, 제품별_매출_요약!$F$3:$F$38, $B12, 제품별_매출_요약!$G$3:$G$38, C$2) | F12: =SUM(C12:E12)
B13: 11월 | C13: =SUMIFS(제품별_매출_요약!$I$3:$I$38, 제품별_매출_요약!$F$3:$F$38, $B13, 제품별_매출_요약!$G$3:$G$38, C$2) | D13: =SUMIFS(제품별_매출_요약!$I$3:$I$38, 제품별_매출_요약!$F$3:$F$38, $B13, 제품별_매출_요약!$G$3:$G$38, C$2) | E13: =SUMIFS(제품별_매출_요약!$I$3:$I$38, 제품별_매출_요약!$F$3:$F$38, $B13, 제품별_매출_요약!$G$3:$G$38, C$2) | F13: =SUM(C13:E13)
B14: 12월 | C14: =SUMIFS(제품별_매출_요약!$I$3:$I$38, 제품별_매출_요약!$F$3:$F$38, $B14, 제품별_매출_요약!$G$3:$G$38, C$2) | D14: =SUMIFS(제품별_매출_요약!$I$3:$I$38, 제품별_매출_요약!$F$3:$F$38, $B14, 제품별_매출_요약!$G$3:$G$38, C$2) | E14: =SUMIFS(제품별_매출_요약!$I$3:$I$38, 제품별_매출_요약!$F$3:$F$38, $B14, 제품별_매출_요약!$G$3:$G$38, C$2) | F14: =SUM(C14:E14)
B15: 합계 | C15: =SUM(C3:C14) | D15: =SUM(D3:D14) | E15: =SUM(E3:E14) | F15: =SUM(F3:F14)

Sheet 분기별_매출_합계
B2: 분기 | C2: 베이직 | D2: 프리미엄 | E2: 엔터프라이즈 | F2: 합계
B3: 1분기 (1월~3월) | C3: =SUM(매출_교차표!C3:C5) | D3: =SUM(매출_교차표!D3:D5) | E3: =SUM(매출_교차표!E3:E5) | F3: =SUM(C3:E3)
B4: 2분기 (4월~6월) | C4: =SUM(매출_교차표!C6:C8) | D4: =SUM(매출_교차표!D6:D8) | E4: =SUM(매출_교차표!E6:E8) | F4: =SUM(C4:E4)
B5: 3분기 (7월~9월) | C5: =SUM(매출_교차표!C9:C11) | D5: =SUM(매출_교차표!D9:D11) | E5: =SUM(매출_교차표!E9:E11) | F5: =SUM(C5:E5)
B6: 4분기 (10월~12월) | C6: =SUM(매출_교차표!C12:C14) | D6: =SUM(매출_교차표!D12:D14) | E6: =SUM(매출_교차표!E12:E14) | F6: =SUM(C6:E6)
B7: 합계 | C7: =SUM(C3:C6) | D7: =SUM(D3:D6) | E7: =SUM(E3:E6) | F7: =SUM(F3:F6)
