Workbook

Sheet 제품별 매출 요약
B2: 제품명 | C2: 총 매출액 | D2: 월평균 매출액
B3: 베이직 | C3: =SUMIF('Raw Data'!$C$3:$C$38, B3, 'Raw Data'!$E$3:$E$38) | D3: =AVERAGEIF('Raw Data'!$C$3:$C$38, B3, 'Raw Data'!$E$3:$E$38)
B4: 프리미엄 | C4: =SUMIF('Raw Data'!$C$3:$C$38, B4, 'Raw Data'!$E$3:$E$38) | D4: =AVERAGEIF('Raw Data'!$C$3:$C$38, B4, 'Raw Data'!$E$3:$E$38)
B5: 엔터프라이즈 | C5: =SUMIF('Raw Data'!$C$3:$C$38, B5, 'Raw Data'!$E$3:$E$38) | D5: =AVERAGEIF('Raw Data'!$C$3:$C$38, B5, 'Raw Data'!$E$3:$E$38)
B6: 합계 | C6: =SUM(C3:C5) | D6: =AVERAGE(D3:D5)

Sheet 월별 매출 분석
B2: 월 / 제품 (매출액) | C2: 베이직 | D2: 프리미엄 | E2: 엔터프라이즈 | F2: 합계
B3: 1월 | C3: =SUMIFS('Raw Data'!$E$3:$E$38, 'Raw Data'!$B$3:$B$38, $B3, 'Raw Data'!$C$3:$C$38, C$2) | D3: =SUMIFS('Raw Data'!$E$3:$E$38, 'Raw Data'!$B$3:$B$38, $B3, 'Raw Data'!$C$3:$C$38, D$2) | E3: =SUMIFS('Raw Data'!$E$3:$E$38, 'Raw Data'!$B$3:$B$38, $B3, 'Raw Data'!$C$3:$C$38, E$2) | F3: =SUM(C3:E3)
B4: 2월 | C4: =SUMIFS('Raw Data'!$E$3:$E$38, 'Raw Data'!$B$3:$B$38, $B4, 'Raw Data'!$C$3:$C$38, C$2) | D4: =SUMIFS('Raw Data'!$E$3:$E$38, 'Raw Data'!$B$3:$B$38, $B4, 'Raw Data'!$C$3:$C$38, D$2) | E4: =SUMIFS('Raw Data'!$E$3:$E$38, 'Raw Data'!$B$3:$B$38, $B4, 'Raw Data'!$C$3:$C$38, E$2) | F4: =SUM(C4:E4)
B5: 3월 | C5: =SUMIFS('Raw Data'!$E$3:$E$38, 'Raw Data'!$B$3:$B$38, $B5, 'Raw Data'!$C$3:$C$38, C$2) | D5: =SUMIFS('Raw Data'!$E$3:$E$38, 'Raw Data'!$B$3:$B$38, $B5, 'Raw Data'!$C$3:$C$38, D$2) | E5: =SUMIFS('Raw Data'!$E$3:$E$38, 'Raw Data'!$B$3:$B$38, $B5, 'Raw Data'!$C$3:$C$38, E$2) | F5: =SUM(C5:E5)
B6: 4월 | C6: =SUMIFS('Raw Data'!$E$3:$E$38, 'Raw Data'!$B$3:$B$38, $B6, 'Raw Data'!$C$3:$C$38, C$2) | D6: =SUMIFS('Raw Data'!$E$3:$E$38, 'Raw Data'!$B$3:$B$38, $B6, 'Raw Data'!$C$3:$C$38, D$2) | E6: =SUMIFS('Raw Data'!$E$3:$E$38, 'Raw Data'!$B$3:$B$38, $B6, 'Raw Data'!$C$3:$C$38, E$2) | F6: =SUM(C6:E6)
B7: 5월 | C7: =SUMIFS('Raw Data'!$E$3:$E$38, 'Raw Data'!$B$3:$B$38, $B7, 'Raw Data'!$C$3:$C$38, C$2) | D7: =SUMIFS('Raw Data'!$E$3:$E$38, 'Raw Data'!$B$3:$B$38, $B7, 'Raw Data'!$C$3:$C$38, D$2) | E7: =SUMIFS('Raw Data'!$E$3:$E$38, 'Raw Data'!$B$3:$B$38, $B7, 'Raw Data'!$C$3:$C$38, E$2) | F7: =SUM(C7:E7)
B8: 6월 | C8: =SUMIFS('Raw Data'!$E$3:$E$38, 'Raw Data'!$B$3:$B$38, $B8, 'Raw Data'!$C$3:$C$38, C$2) | D8: =SUMIFS('Raw Data'!$E$3:$E$38, 'Raw Data'!$B$3:$B$38, $B8, 'Raw Data'!$C$3:$C$38, D$2) | E8: =SUMIFS('Raw Data'!$E$3:$E$38, 'Raw Data'!$B$3:$B$38, $B8, 'Raw Data'!$C$3:$C$38, E$2) | F8: =SUM(C8:E8)
B9: 7월 | C9: =SUMIFS('Raw Data'!$E$3:$E$38, 'Raw Data'!$B$3:$B$38, $B9, 'Raw Data'!$C$3:$C$38, C$2) | D9: =SUMIFS('Raw Data'!$E$3:$E$38, 'Raw Data'!$B$3:$B$38, $B9, 'Raw Data'!$C$3:$C$38, D$2) | E9: =SUMIFS('Raw Data'!$E$3:$E$38, 'Raw Data'!$B$3:$B$38, $B9, 'Raw Data'!$C$3:$C$38, E$2) | F9: =SUM(C9:E9)
B10: 8월 | C10: =SUMIFS('Raw Data'!$E$3:$E$38, 'Raw Data'!$B$3:$B$38, $B10, 'Raw Data'!$C$3:$C$38, C$2) | D10: =SUMIFS('Raw Data'!$E$3:$E$38, 'Raw Data'!$B$3:$B$38, $B10, 'Raw Data'!$C$3:$C$38, D$2) | E10: =SUMIFS('Raw Data'!$E$3:$E$38, 'Raw Data'!$B$3:$B$38, $B10, 'Raw Data'!$C$3:$C$38, E$2) | F10: =SUM(C10:E10)
B11: 9월 | C11: =SUMIFS('Raw Data'!$E$3:$E$38, 'Raw Data'!$B$3:$B$38, $B11, 'Raw Data'!$C$3:$C$38, C$2) | D11: =SUMIFS('Raw Data'!$E$3:$E$38, 'Raw Data'!$B$3:$B$38, $B11, 'Raw Data'!$C$3:$C$38, D$2) | E11: =SUMIFS('Raw Data'!$E$3:$E$38, 'Raw Data'!$B$3:$B$38, $B11, 'Raw Data'!$C$3:$C$38, E$2) | F11: =SUM(C11:E11)
B12: 10월 | C12: =SUMIFS('Raw Data'!$E$3:$E$38, 'Raw Data'!$B$3:$B$38, $B12, 'Raw Data'!$C$3:$C$38, C$2) | D12: =SUMIFS('Raw Data'!$E$3:$E$38, 'Raw Data'!$B$3:$B$38, $B12, 'Raw Data'!$C$3:$C$38, D$2) | E12: =SUMIFS('Raw Data'!$E$3:$E$38, 'Raw Data'!$B$3:$B$38, $B12, 'Raw Data'!$C$3:$C$38, E$2) | F12: =SUM(C12:E12)
B13: 11월 | C13: =SUMIFS('Raw Data'!$E$3:$E$38, 'Raw Data'!$B$3:$B$38, $B13, 'Raw Data'!$C$3:$C$38, C$2) | D13: =SUMIFS('Raw Data'!$E$3:$E$38, 'Raw Data'!$B$3:$B$38, $B13, 'Raw Data'!$C$3:$C$38, D$2) | E13: =SUMIFS('Raw Data'!$E$3:$E$38, 'Raw Data'!$B$3:$B$38, $B13, 'Raw Data'!$C$3:$C$38, E$2) | F13: =SUM(C13:E13)
B14: 12월 | C14: =SUMIFS('Raw Data'!$E$3:$E$38, 'Raw Data'!$B$3:$B$38, $B14, 'Raw Data'!$C$3:$C$38, C$2) | D14: =SUMIFS('Raw Data'!$E$3:$E$38, 'Raw Data'!$B$3:$B$38, $B14, 'Raw Data'!$C$3:$C$38, D$2) | E14: =SUMIFS('Raw Data'!$E$3:$E$38, 'Raw Data'!$B$3:$B$38, $B14, 'Raw Data'!$C$3:$C$38, E$2) | F14: =SUM(C14:E14)
B15: 합계 | C15: =SUM(C3:C14) | D15: =SUM(D3:D14) | E15: =SUM(E3:E14) | F15: =SUM(F3:F14)

Sheet 월별 판매수량 분석
B2: 월 / 제품 (수량) | C2: 베이직 | D2: 프리미엄 | E2: 엔터프라이즈 | F2: 합계
B3: 1월 | C3: =SUMIFS('Raw Data'!$D$3:$D$38, 'Raw Data'!$B$3:$B$38, $B3, 'Raw Data'!$C$3:$C$38, C$2) | D3: =SUMIFS('Raw Data'!$D$3:$D$38, 'Raw Data'!$B$3:$B$38, $B3, 'Raw Data'!$C$3:$C$38, D$2) | E3: =SUMIFS('Raw Data'!$D$3:$D$38, 'Raw Data'!$B$3:$B$38, $B3, 'Raw Data'!$C$3:$C$38, E$2) | F3: =SUM(C3:E3)
B4: 2월 | C4: =SUMIFS('Raw Data'!$D$3:$D$38, 'Raw Data'!$B$3:$B$38, $B4, 'Raw Data'!$C$3:$C$38, C$2) | D4: =SUMIFS('Raw Data'!$D$3:$D$38, 'Raw Data'!$B$3:$B$38, $B4, 'Raw Data'!$C$3:$C$38, D$2) | E4: =SUMIFS('Raw Data'!$D$3:$D$38, 'Raw Data'!$B$3:$B$38, $B4, 'Raw Data'!$C$3:$C$38, E$2) | F4: =SUM(C4:E4)
B5: 3월 | C5: =SUMIFS('Raw Data'!$D$3:$D$38, 'Raw Data'!$B$3:$B$38, $B5, 'Raw Data'!$C$3:$C$38, C$2) | D5: =SUMIFS('Raw Data'!$D$3:$D$38, 'Raw Data'!$B$3:$B$38, $B5, 'Raw Data'!$C$3:$C$38, D$2) | E5: =SUMIFS('Raw Data'!$D$3:$D$38, 'Raw Data'!$B$3:$B$38, $B5, 'Raw Data'!$C$3:$C$38, E$2) | F5: =SUM(C5:E5)
B6: 4월 | C6: =SUMIFS('Raw Data'!$D$3:$D$38, 'Raw Data'!$B$3:$B$38, $B6, 'Raw Data'!$C$3:$C$38, C$2) | D6: =SUMIFS('Raw Data'!$D$3:$D$38, 'Raw Data'!$B$3:$B$38, $B6, 'Raw Data'!$C$3:$C$38, D$2) | E6: =SUMIFS('Raw Data'!$D$3:$D$38, 'Raw Data'!$B$3:$B$38, $B6, 'Raw Data'!$C$3:$C$38, E$2) | F6: =SUM(C6:E6)
B7: 5월 | C7: =SUMIFS('Raw Data'!$D$3:$D$38, 'Raw Data'!$B$3:$B$38, $B7, 'Raw Data'!$C$3:$C$38, C$2) | D7: =SUMIFS('Raw Data'!$D$3:$D$38, 'Raw Data'!$B$3:$B$38, $B7, 'Raw Data'!$C$3:$C$38, D$2) | E7: =SUMIFS('Raw Data'!$D$3:$D$38, 'Raw Data'!$B$3:$B$38, $B7, 'Raw Data'!$C$3:$C$38, E$2) | F7: =SUM(C7:E7)
B8: 6월 | C8: =SUMIFS('Raw Data'!$D$3:$D$38, 'Raw Data'!$B$3:$B$38, $B8, 'Raw Data'!$C$3:$C$38, C$2) | D8: =SUMIFS('Raw Data'!$D$3:$D$38, 'Raw Data'!$B$3:$B$38, $B8, 'Raw Data'!$C$3:$C$38, D$2) | E8: =SUMIFS('Raw Data'!$D$3:$D$38, 'Raw Data'!$B$3:$B$38, $B8, 'Raw Data'!$C$3:$C$38, E$2) | F8: =SUM(C8:E8)
B9: 7월 | C9: =SUMIFS('Raw Data'!$D$3:$D$38, 'Raw Data'!$B$3:$B$38, $B9, 'Raw Data'!$C$3:$C$38, C$2) | D9: =SUMIFS('Raw Data'!$D$3:$D$38, 'Raw Data'!$B$3:$B$38, $B9, 'Raw Data'!$C$3:$C$38, D$2) | E9: =SUMIFS('Raw Data'!$D$3:$D$38, 'Raw Data'!$B$3:$B$38, $B9, 'Raw Data'!$C$3:$C$38, E$2) | F9: =SUM(C9:E9)
B10: 8월 | C10: =SUMIFS('Raw Data'!$D$3:$D$38, 'Raw Data'!$B$3:$B$38, $B10, 'Raw Data'!$C$3:$C$38, C$2) | D10: =SUMIFS('Raw Data'!$D$3:$D$38, 'Raw Data'!$B$3:$B$38, $B10, 'Raw Data'!$C$3:$C$38, D$2) | E10: =SUMIFS('Raw Data'!$D$3:$D$38, 'Raw Data'!$B$3:$B$38, $B10, 'Raw Data'!$C$3:$C$38, E$2) | F10: =SUM(C10:E10)
B11: 9월 | C11: =SUMIFS('Raw Data'!$D$3:$D$38, 'Raw Data'!$B$3:$B$38, $B11, 'Raw Data'!$C$3:$C$38, C$2) | D11: =SUMIFS('Raw Data'!$D$3:$D$38, 'Raw Data'!$B$3:$B$38, $B11, 'Raw Data'!$C$3:$C$38, D$2) | E11: =SUMIFS('Raw Data'!$D$3:$D$38, 'Raw Data'!$B$3:$B$38, $B11, 'Raw Data'!$C$3:$C$38, E$2) | F11: =SUM(C11:E11)
B12: 10월 | C12: =SUMIFS('Raw Data'!$D$3:$D$38, 'Raw Data'!$B$3:$B$38, $B12, 'Raw Data'!$C$3:$C$38, C$2) | D12: =SUMIFS('Raw Data'!$D$3:$D$38, 'Raw Data'!$B$3:$B$38, $B12, 'Raw Data'!$C$3:$C$38, D$2) | E12: =SUMIFS('Raw Data'!$D$3:$D$38, 'Raw Data'!$B$3:$B$38, $B12, 'Raw Data'!$C$3:$C$38, E$2) | F12: =SUM(C12:E12)
B13: 11월 | C13: =SUMIFS('Raw Data'!$D$3:$D$38, 'Raw Data'!$B$3:$B$38, $B13, 'Raw Data'!$C$3:$C$38, C$2) | D13: =SUMIFS('Raw Data'!$D$3:$D$38, 'Raw Data'!$B$3:$B$38, $B13, 'Raw Data'!$C$3:$C$38, D$2) | E13: =SUMIFS('Raw Data'!$D$3:$D$38, 'Raw Data'!$B$3:$B$38, $B13, 'Raw Data'!$C$3:$C$38, E$2) | F13: =SUM(C13:E13)
B14: 12월 | C14: =SUMIFS('Raw Data'!$D$3:$D$38, 'Raw Data'!$B$3:$B$38, $B14, 'Raw Data'!$C$3:$C$38, C$2) | D14: =SUMIFS('Raw Data'!$D$3:$D$38, 'Raw Data'!$B$3:$B$38, $B14, 'Raw Data'!$C$3:$C$38, D$2) | E14: =SUMIFS('Raw Data'!$D$3:$D$38, 'Raw Data'!$B$3:$B$38, $B14, 'Raw Data'!$C$3:$C$38, E$2) | F14: =SUM(C14:E14)
B15: 합계 | C15: =SUM(C3:C14) | D15: =SUM(D3:D14) | E15: =SUM(E3:E14) | F15: =SUM(F3:F14)

Sheet 분기별 매출 분석
B2: 분기 | C2: 베이직 | D2: 프리미엄 | E2: 엔터프라이즈 | F2: 합계
B3: 1분기 | C3: =SUM('월별 매출 분석'!C3:C5) | D3: =SUM('월별 매출 분석'!D3:D5) | E3: =SUM('월별 매출 분석'!E3:E5) | F3: =SUM(C3:E3)
B4: 2분기 | C4: =SUM('월별 매출 분석'!C6:C8) | D4: =SUM('월별 매출 분석'!D6:D8) | E4: =SUM('월별 매출 분석'!E6:E8) | F4: =SUM(C4:E4)
B5: 3분기 | C5: =SUM('월별 매출 분석'!C9:C11) | D5: =SUM('월별 매출 분석'!D9:D11) | E5: =SUM('월별 매출 분석'!E9:E11) | F5: =SUM(C5:E5)
B6: 4분기 | C6: =SUM('월별 매출 분석'!C12:C14) | D6: =SUM('월별 매출 분석'!D12:D14) | E6: =SUM('월별 매출 분석'!E12:E14) | F6: =SUM(C6:E6)
B7: 합계 | C7: =SUM(C3:C6) | D7: =SUM(D3:D6) | E7: =SUM(E3:E6) | F7: =SUM(F3:F6)

Sheet Raw Data
B2: 월 | C2: 제품 | D2: 판매수량 | E2: 매출액
B3: 1월 | C3: 베이직 | D3: 39 | E3: 386100
B4: 1월 | C4: 프리미엄 | D4: 40 | E4: 1188000
B5: 1월 | C5: 엔터프라이즈 | D5: 32 | E5: 3168000
B6: 2월 | C6: 베이직 | D6: 60 | E6: 594000
B7: 2월 | C7: 프리미엄 | D7: 56 | E7: 1663200
B8: 2월 | C8: 엔터프라이즈 | D8: 50 | E8: 4950000
B9: 3월 | C9: 베이직 | D9: 15 | E9: 148500
B10: 3월 | C10: 프리미엄 | D10: 45 | E10: 1336500
B11: 3월 | C11: 엔터프라이즈 | D11: 6 | E11: 594000
B12: 4월 | C12: 베이직 | D12: 57 | E12: 564300
B13: 4월 | C13: 프리미엄 | D13: 20 | E13: 594000
B14: 4월 | C14: 엔터프라이즈 | D14: 58 | E14: 5742000
... B38: 12월 | C38: 엔터프라이즈 | D38: 19 | E38: 1881000
